file_name,name,dealer,type,how-to-earn,dealer-cosplay,fandom,days
Koty_-_+1_friend.jpg,+1 friend,Koty,Achievement,Add your name to Komi's list of friends (your own name/nickname/online name or the name of the character you're cosplaying),Cosplaying as Komi Shouko,Komi Can't Communicate,Friday
srsbznss-Thomas_-_988_Suicide_&_Crisis_Lifeline.png,988 Suicide & Crisis Lifeline,srsbznss/Thomas,Connection,Ask Thomas for one,"Throughout the weekend, Thomas will be wearing either a magenta, floral suit jacket or a dark blue, velvet suit jacket.",N/A,"Friday, 
Saturday Morning, 
Saturday Night, 
Sunday"
Koty_-_A_decent_sized_frog.jpg,A decent sized frog,Koty,Connection,Ask for one! Then tell me your favorite plant or the weirdest food you've ever tried,"Maomao blue and green ""hunt/frog scene"" outfit",Apothecary Diaries,"Saturday, Sunday"
Pawsitively_Cozy_-_All_My_Best_Friends_Have_Paws.png,All My Best Friends Have Paws,Pawsitively Cozy,Action,"Trade a Cat Ribbon/Sticker, Spend $15+ at my Aritst Alley Booth, or Buy for $5",Pawsitively Cozy - Artist Alley Booth #34,N/A,"Friday, Saturday, Sunday"
srsbznss-Thomas_-_All_Out_of_Money.png,All Out of Money,srsbznss/Thomas,Achievement,Somehow convince Thomas that you don't have any money,"Throughout the weekend, Thomas will be wearing either a magenta, floral suit jacket or a dark blue, velvet suit jacket.",N/A,"Friday, 
Saturday Morning, 
Saturday Night, 
Sunday"
"Valentine_and_Leo_-_Argument_Between_Roommates.jpg","Argument Between ""Roommates""",Valentine and Leo,Connection,Get into a friendly debate with one of us about something absurd.,Kaveh and Al-Haitham,Genshin Impact,Saturday
srsbznss-Thomas_-_ash_nazg_durbatuluk.png,ash nazg durbatul√ªk,srsbznss/Thomas,Action,"Politely approach Thomas and do at least one of the following:
 - Be in Lord of the Rings cosplay
 - Show Thomas a picture you took (with permission) of someone in Lord of the Rings cosplay at Nebkon 2025
 - Show Thomas Lord of the Rings merch that you've purchased (online photos don't count!)
 - Tell Thomas what ""ash nazg durbatul√ªk"" means","Throughout the weekend, Thomas will be wearing either a magenta, floral suit jacket or a dark blue, velvet suit jacket.",Lord of the Rings,"Friday, 
Saturday Morning, 
Saturday Night, 
Sunday"
Wes_-_Been_duplicated.png,Been duplicated,Wes,Action,Take a picture with me!,Twice,My Hero Academia,Sunday
Ed_-_Promotions_-_Beep_Beep_I'm_a_Sheep.jpg,Beep Beep I'm a Sheep,Ed - Promotions,Connection,Come up to me and say hi!,"Staff shirt, maybe a walkie, probably also a camera.",asdfmovie,"Friday, Saturday, Sunday"
Bravo_-_Blank.png,Blank,Bravo,Achievement,Must find a lucky item of my choosing,Red Staff shirt/half maid outfit or devil outfit/ idol glow sticks/ rose tinted glasses,N/A,"Friday, Saturday, Sunday"
srsbznss-Thomas_-_Certifiably_Funny.png,Certifiably Funny,srsbznss/Thomas,Achievement,Make Thomas laugh,"Throughout the weekend, Thomas will be wearing either a magenta, floral suit jacket or a dark blue, velvet suit jacket.",N/A,"Friday, 
Saturday Morning, 
Saturday Night, 
Sunday"
Lumeria_Lighthouse_Cos_-_Certified_Waifu_Expert.png,Certified Waifu Expert,Lumeria Lighthouse Cos,Exclusive,Come and participate in our panel on Saturday evening at 11:00 pm (Who‚Äôs That Anime Waifu?!),"Shion from ""That Time I Got Reincarnated as a Slime""","N/A",Saturday
Logan_-_Chaos.jpg,Chaos,Logan,Action,Scan the QR code,Probably working the volunteer table,N/A,"Friday, Saturday, Sunday"
Ed_-_Promotions_-_comfy_programmer_socks.jpg,comfy programmer socks,Ed - Promotions,Connection,Trade me a ribbon that I do not have yet.,"Staff shirt, maybe a walkie, probably also a camera.",N/A,"Friday, Saturday, Sunday"
srsbznss-Thomas_-_Crime_Coefficient_Under_50.png,Crime Coefficient Under 50,srsbznss/Thomas,Action,"Politely approach Thomas and do at least one of the following:
 - Be in Psycho-Pass cosplay
 - Show Thomas a picture you took (with permission) of someone in Psycho-Pass cosplay from Nebkon
 - Show Thomas a picture/autograph/video you received from a guest that voiced a character in Psycho-Pass
 - Show Thomas Psycho-Pass merch that you've purchased (online photos don't count!)","Throughout the weekend, Thomas will be wearing either a magenta, floral suit jacket or a dark blue, velvet suit jacket.",Psycho-Pass,"Friday, 
Saturday Morning, 
Saturday Night, 
Sunday"
Dakotah_-_Crow_tendency.jpg,Crow tendency,Dakotah,Exclusive,Attending crow party Friday or in exchange for a trinket,I'll try to be wearing my LED screen backpack all weekend,Crow party,"Friday, Saturday, Sunday"
srsbznss-Thomas_-_Darling.png,Darling,srsbznss/Thomas,Action,"Politely approach Thomas and do at least one of the following:
 - Be in My Dress-Up Darling cosplay
 - Show Thomas a picture you took (with permission) of someone in My Dress-Up Darling cosplay at Nebkon 2025
 - Show Thomas a picture/autograph/video you've received from a guest that voiced a character in My Dress-Up Darling, such as AmaLee
 - Show Thomas My Dress-Up Darling merch that you've purchased (online photos don't count!)","Throughout the weekend, Thomas will be wearing either a magenta, floral suit jacket or a dark blue, velvet suit jacket.",My Dress-Up Darling,"Friday, 
Saturday Morning, 
Saturday Night, 
Sunday"
srsbznss-Thomas_-_Destroy.png,Destroy,srsbznss/Thomas,Action,"Politely approach Thomas and do at least one of the following:
 - Be in Demon Slayer cosplay
 - Show Thomas a picture you took (with permission) of someone cosplaying a member of the Demon Slayer Corp. in Demon Slayer at Nebkon 2025
 - Show Thomas a picture/autograph/video you've received from a guest that voiced a member of the Demon Slayer Corps. in Demon Slayer, such as Zeno Robinson
 - Show Thomas Demon Slayer merch that you've purchased (online photos don't count!)","Throughout the weekend, Thomas will be wearing either a magenta, floral suit jacket or a dark blue, velvet suit jacket.",Demon Slayer,"Friday, 
Saturday Morning, 
Saturday Night, 
Sunday"
Emily_K._-_Dungeons_&_Dragons_&_Me.jpg,Dungeons & Dragons & Me,Emily K.,Exclusive,Attend the Dungeons & Dragons & You Panel on Friday at 7 pm (Limited amounts! Must stay to the end of the panel.),"Will be wearing a black D20 Ita Bag, brown hair and glasses",Dungeons and Dragons,Friday
"Kile_McCurdy_-_Eats,_Shoots,_Leaves.png","Eats, Shoots, Leaves",Kile McCurdy,Action,Get your photo taken,Staff Shirt,N/A,"Friday, Saturday, Sunday"
Winterra_Art_-_Everyday_will_be_Sunday.jpg,Everyday will be Sunday,Winterra Art,Achievement,"Buy a Honkai star rail enamel pin, keychain, large print, or 2 small prints from Winterra Art",Artist Alley - Booth 41 (Corner) Winterra Art,Honkai Star Rail,"Friday, Saturday, Sunday"
srsbznss-Thomas_-_Fairy_Tail.png,Fairy Tail,srsbznss/Thomas,Action,"Politely approach Thomas and do at least one of the following:
 - Be in Fairy Tail cosplay
 - Show Thomas a picture you took (with permission) of someone in Fairy Tail cosplay at Nebkon 2025
 - Show Thomas a picture/autograph/video you've received from a guest that voiced a character in Fairy Tail
 - Show Thomas Fairy Tail merch that you've purchased (online photos don't count!)","Throughout the weekend, Thomas will be wearing either a magenta, floral suit jacket or a dark blue, velvet suit jacket.",Fairy Tail,"Friday, 
Saturday Morning, 
Saturday Night, 
Sunday"
srsbznss-Thomas_-_Fear_is_the_Mind-Killer.png,Fear is the Mind-Killer,srsbznss/Thomas,Achievement,Recite the Litany Against Fear to Thomas (from memory),"Throughout the weekend, Thomas will be wearing either a magenta, floral suit jacket or a dark blue, velvet suit jacket.",Dune,"Friday, 
Saturday Morning, 
Saturday Night, 
Sunday"
Fishy_-_FISHY.jpg,FISHY,Fishy,Connection,Meet Fishy,Wearing a Gold Dishy Necklace,N/A,"Friday, Saturday"
Under_the_Mountain_Apothecary_-_Granny_Zeniba.jpg,Granny Zeniba,Under the Mountain Apothecary,Action,Spend $25 at Under the Mountain Apothecary,Vending at booth 87,N/A,"Friday, Saturday, Sunday"
Mugatu_-_Hansel.jpg,Hansel,Mugatu,Achievement,Attend my Panel Waifu Analysis,Dressed as Mugatu on Friday,Zoolander,Friday
Faithy_(Shrimpina)_-_Healing_Oufuda.jpg,Healing Oufuda,Faithy (Shrimpina),Action,Ping me for healing!,Cosplaying as Kiriko from Overwatch 2 (Athleisure Skin),Overwatch,Saturday
Fate_of_the_Seven_Productions_-_I_Love_Hot_Tieflings.jpg,I ‚ô° Hot Tieflings,Fate of the Seven Productions,Action,"You need to play one of our three games!  Roll a big D20, vote for your favorite D&D class, or interact with the Baldur's Gate 3 tier list.",,Dungeons and Dragons,"Friday, Saturday, Sunday"
Emmy_in_Pink_-_I_Cast_Check_Engine_Light.png,I Cast Check Engine Light,Emmy in Pink,Action,Visit my booth in the Artist Alley and follow me on one or more of my socials! (QR codes available to scan at booth),Emmy in Pink - Artist Alley Booth 17,N/A,"Friday, Saturday, Sunday"
Winterra_Art_-_I_challenged_a_9_year_old_and_WON!.jpg,I challenged a 9 year old and WON!,Winterra Art,Achievement,Free with social media follow (Ex: WinterraArt on Instagram),Artist Alley - Booth 41 (Corner) Winterra Art,N/A,"Friday, Saturday, Sunday"
Emmy_in_Pink_-_I_Deserve_A_Little_Treat.png,I Deserve A Little Treat,Emmy in Pink,Action,Spend $20 or more at my Artist Alley booth,Emmy in Pink - Artist Alley Booth 17,N/A,"Friday, Saturday, Sunday"
srsbznss-Thomas_-_I_Have_No_Enemies.png,I Have No Enemies,srsbznss/Thomas,Action,"Politely approach Thomas and do at least one of the following:
 - Be in Vinland Saga cosplay
 - Show Thomas a picture you took (with permission) of someone in Vinland Saga cosplay at Nebkon 2025
 - Show Thomas a picture/autograph/video you've received from a guest that voiced a character in Vinland Saga
 - Show Thomas Vinland Saga merch that you've purchased (online photos don't count!)
 - Give Thomas your best Thorfinn battle pose","Throughout the weekend, Thomas will be wearing either a magenta, floral suit jacket or a dark blue, velvet suit jacket.",Vinland Saga,"Friday, 
Saturday Morning, 
Saturday Night, 
Sunday"
Sue_-_Merch_Coordinator_-_I_use_my_bonus_action_to_buy!.png,I use my bonus action to buy!,Sue - Merch Coordinator,Achievement,"Making a purchase at the merch booth. If you pre-ordered merch, you will get one when you pick up your pre-orders.",Behind the merch booth,N/A,"Friday, Saturday, Sunday"
Elliot_Vendetta_(They-Them)_-_I-Buki-Mio-Da!.jpg,I-Buki-Mio-Da!,Elliot Vendetta (They/Them),Connection,Just come tell me about your favorite Danganronpa game/anime/book! Or (if you haven‚Äôt engaged in the fandom yet) what you‚Äôre most looking forward to playing/watching!,I will be in Ibuki Mioda cosplay! I will have a red guitar shaped bag with a clear front (inside the clear pocket will be a Danganronpa manga and pins). I will also have a lot of Kandi jewelery! :),Danganronpa,Saturday
srsbznss-Thomas_-_Instinct.png,Instinct,srsbznss/Thomas,Exclusive,"In Pok√©mon Go, be a member of Team Instinct and show Thomas your trainer profile","Throughout the weekend, Thomas will be wearing either a magenta, floral suit jacket or a dark blue, velvet suit jacket.",Pokemon,"Friday, 
Saturday Morning, 
Saturday Night, 
Sunday"
srsbznss-Thomas_-_Jura-Tempest_Federation.png,Jura-Tempest Federation,srsbznss/Thomas,Action,"Politely approach Thomas and do at least one of the following:
 - Be in That Time I Got Reincarnated as a Slime cosplay
 - Show Thomas a picture you took (with permission) of someone in That Time I Got Reincarnated as a Slime cosplay at Nebkon 2025
 - Show Thomas a picture/autograph/video you've received from a guest that voiced a character in That Time I Got Reincarnated as a Slime
 - Show Thomas That Time I Got Reincarnated as a Slime merch that you've purchased (online photos don't count!)","Throughout the weekend, Thomas will be wearing either a magenta, floral suit jacket or a dark blue, velvet suit jacket.",That Time I Got Reincarnated as a Slime,"Friday, 
Saturday Morning, 
Saturday Night, 
Sunday"
srsbznss-Thomas_-_Keep_Calm_&_Chibaku_Tensei.png,Keep Calm & Chibaku Tensei,srsbznss/Thomas,Action,"Politely approach Thomas and do at least one of the following:
 - Be in Naruto cosplay
 - Show Thomas a picture you took (with permission) of someone in Naruto cosplay at Nebkon 2025
 - Show Thomas a picture/autograph/video you've received from a guest that voiced a character in Naruto
 - Show Thomas Naruto merch that you've purchased (online photos don't count!)
 - Perform your best chibaku tensei","Throughout the weekend, Thomas will be wearing either a magenta, floral suit jacket or a dark blue, velvet suit jacket.",Naruto,"Friday, 
Saturday Morning, 
Saturday Night, 
Sunday"
srsbznss-Thomas_-_Kingdom_of_Science.png,Kingdom of Science,srsbznss/Thomas,Action,"Politely approach Thomas and do at least one of the following:
 - Be in Dr. Stone cosplay
 - Show Thomas a picture you took (with permission) of someone in Dr. Stone cosplay at Nebkon 2025
 - Show Thomas a picture/autograph/video you've received from a guest that voiced a character in Dr. Stone
 - Show Thomas Dr. Stone merch that you've purchased (online photos don't count!)","Throughout the weekend, Thomas will be wearing either a magenta, floral suit jacket or a dark blue, velvet suit jacket.",Dr. Stone,"Friday, 
Saturday Morning, 
Saturday Night, 
Sunday"
Pawsitively_Cozy_-_Kitty_Ghost_Fan_Club.png,Kitty Ghost Fan Club,Pawsitively Cozy,Action,"Buy a Kitty Ghost Product (jumbo, mini, mystery, sticker) from Pawsitively Cozy",Pawsitively Cozy - Artist Alley Booth #34,N/A,"Friday, Saturday, Sunday"
Dakotah_-_Knees_for_Trees.jpg,Knees for Trees,Dakotah,Achievement,Tell me you speak for the trees,I'll try to be wearing my LED screen backpack,The Lorax,"Friday, Saturday, Sunday"
Wes_-_Kon_star.jpg,Kon star,Wes,Action,By being filmed for the kon music video,Carrying a camera,N/A,"Friday, Saturday, Sunday"
srsbznss-Thomas_-_Lelouch_vi_Britannia.png,Lelouch vi Britannia,srsbznss/Thomas,Action,"Politely approach Thomas and do at least one of the following:
 - Be in Code Geass cosplay
 - Show Thomas a picture you took (with permission) of someone in Code Geass cosplay at Nebkon 2025
 - Show Thomas a picture/autograph/video you've received from a guest that voiced a character in Code Geass
 - Show Thomas Code Geass merch that you've purchased (online photos don't count!)","Throughout the weekend, Thomas will be wearing either a magenta, floral suit jacket or a dark blue, velvet suit jacket.",Code Geass,"Friday, 
Saturday Morning, 
Saturday Night, 
Sunday"
Queen_Belle_-_Long_Live_the_Queen.png,Long Live the Queen,Queen Belle,Connection,Just something for people to come up and say hi and take pics with me :),"I will be dressed as female Dabi from My Hero Academia on Friday, Rin from Naruto on Saturday, Himiko Toga from My Hero Academia on Sunday! See pics in the discord for references for each day!!",N/A,"Friday, Saturday, Sunday"
Valentine_and_Leo_-_LoveHate.jpg,LoveHate,Valentine and Leo,Connection,Tell me your favorite Alien Stage song!,Ivan and Till or Mizi and Sua,Alien Stage,"Friday, Saturday"
srsbznss-Thomas_-_Maomao_Approves.png,Maomao Approves,srsbznss/Thomas,Action,"Politely approach Thomas and do at least one of the following:
 - Be in Apothecary Diaries cosplay
 - Show Thomas a picture you took (with permission) of someone in Apothecary Diaries cosplay at Nebkon 2025
 - Show Thomas a picture/autograph/video you've received from a guest that voiced a character in Apothecary Diaries, such as Ciar√°n Strange
 - Show Thomas Apothecary Diaries merch that you've purchased (online photos don't count!)","Throughout the weekend, Thomas will be wearing either a magenta, floral suit jacket or a dark blue, velvet suit jacket.",Apothecary Diaries,"Friday, 
Saturday Morning, 
Saturday Night, 
Sunday"
srsbznss-Thomas_-_May_the_Memes_Be_With_You.png,May the Memes Be With You,srsbznss/Thomas,Connection,Tell Thomas your favorite Star Wars meme line,"Throughout the weekend, Thomas will be wearing either a magenta, floral suit jacket or a dark blue, velvet suit jacket.",Star Wars,"Friday, 
Saturday Morning, 
Saturday Night, 
Sunday"
Heydensan_Cosplay_-_Me_Hearty_Crew!.png,Me Hearty Crew!,Heydensan Cosplay,Exclusive,"Five Night‚Äôs At Freddy‚Äôs Karaoke, Five Night‚Äôs At Freddy‚Äôs Photoshoot, FNAF Cosplay.",Foxy the Pirate from Five Night‚Äôs At Freddy‚Äôs,Five Night‚Äôs At Freddy‚Äôs,"Friday, Saturday"
Pawsitively_Cozy_-_Meooooooow.png,Meooooooow,Pawsitively Cozy,Action,Subscribe to Pawsitively Cozy on Youtube (or buy for $5),Pawsitively Cozy - Artist Alley Booth #34,N/A,"Friday, Saturday, Sunday"
srsbznss-Thomas_-_Mystic.png,Mystic,srsbznss/Thomas,Exclusive,"In Pok√©mon Go, be a member of Team Mystic and show Thomas your trainer profile","Throughout the weekend, Thomas will be wearing either a magenta, floral suit jacket or a dark blue, velvet suit jacket.",Pokemon,"Friday, 
Saturday Morning, 
Saturday Night, 
Sunday"
Nicole_&_Hannah_-_Nebraska_Ruffle_Society.jpg,Nebraska Ruffle Society,Nicole & Hannah,Exclusive,Attend the Lolita Fashion 101 Panel on Saturday at 2pm,,Lolita/EGL,Saturday
srsbznss-Thomas_-_No_Waifu_No_Laifu.png,No Waifu No Laifu,srsbznss/Thomas,Connection,Tell Thomas who the best girl is and why,"Throughout the weekend, Thomas will be wearing either a magenta, floral suit jacket or a dark blue, velvet suit jacket.",N/A,"Friday, 
Saturday Morning, 
Saturday Night, 
Sunday"
Fenyx_-_Not_a_Bot.png,Not a Bot,Fenyx,Achievement,Prove you are a member of the Anime NebrasKon discord server,Probably with a baby. Going to update pictures of what I‚Äôm wearing in the discord channel each day,N/A,"Friday, Saturday, Sunday"
Queen_Bee_Artistry_-_Vendor_Booth_-_Not_the_Bees!.png,Not the Bees!,Queen Bee Artistry - Vendor Booth,Achievement,Free with Any purchase at the booth,At the Artist Alley Booth,Wicker Man,"Friday, Saturday, Sunday"
Polites_-_Pancake_crew.jpg,Pancake crew,Polites,Exclusive,By interacting with my character,Red bandana and spear,Epic the musical,Saturday
srsbznss-Thomas_-_Phantom_Troupe.png,Phantom Troupe,srsbznss/Thomas,Action,"Politely approach Thomas and do at least one of the following:
 - Be in Hunter X Hunter cosplay
 - Show Thomas a picture you took (with permission) of someone in Hunter X Hunter cosplay at Nebkon 2025
 - Show Thomas a picture/autograph/video you've received from a guest that voiced a character in Hunter X Hunter, such as Edward Bosco
 - Show Thomas Hunter X Hunter merch that you've purchased (online photos don't count!)","Throughout the weekend, Thomas will be wearing either a magenta, floral suit jacket or a dark blue, velvet suit jacket.",Hunter X Hunter,"Friday, 
Saturday Morning, 
Saturday Night, 
Sunday"
HorusCosplays_-_Plus-Size_Cosplayer_Supporter.jpg,Plus-Size Cosplayer Supporter,HorusCosplays,Connection,Just come up to me and say that you support plus-size cosplayers or ask about being a plus-size cosplayer and I‚Äôll give you a fact about what it‚Äôs like being one and the ribbon,In my social media I post each cosplay I am in and also they can ask my mutuals ‚Äúwhere‚Äôs Horus?‚Äù To find the ribbon,N/A,"Friday, Saturday, Sunday"
Professor_Shinobi_-_Post-Mending_Legendary_Creature.jpg,Post-Mending Legendary Creature,Professor Shinobi,Q&A,"Answer the following questions: Have you played Magic the Gathering? When did you start? If they say yes and after 2005, you will earn this badge ribbon.",Chairty Co-Head and frequent panelist,Magic: the Gathering,"Friday, Saturday, Sunday"
Professor_Shinobi_-_Pre-Mending_Legendary_Creature.jpg,Pre-Mending Legendary Creature,Professor Shinobi,Q&A,"Answer the following questions: Have you played Magic the Gathering? When did you start? If they say yes and before 2006, you will earn this badge ribbon.",Co-Head of Charity and frequent panelist,Magic: the Gathering,"Friday, Saturday, Sunday"
srsbznss-Thomas_-_Property_of_Ainz_Ooal_Gown.png,Property of Ainz Ooal Gown,srsbznss/Thomas,Action,"Politely approach Thomas and do at least one of the following:
 - Be in Overlord cosplay
 - Show Thomas a picture you took (with permission) of someone in Overlord cosplay at Nebkon 2025
 - Show Thomas a picture/autograph/video you've received from a guest that voiced a character in Overlord
 - Show Thomas Overlord merch that you've purchased (online photos don't count!)","Throughout the weekend, Thomas will be wearing either a magenta, floral suit jacket or a dark blue, velvet suit jacket.",Overlord,"Friday, 
Saturday Morning, 
Saturday Night, 
Sunday"
Pidge_-_Volunteers_-_Ribbon_Hoarder.jpg,Ribbon Hoarder,Pidge - Volunteers,Achievement,Have a certain amount of ribbons. Specific number changes each day.,"I work the Volunteer table, I have facial piercings.",N/A,"Friday, Saturday, Sunday"
srsbznss-Thomas_-_RWBY.png,RWBY,srsbznss/Thomas,Action,"Politely approach Thomas and do at least one of the following:
 - Be in RWBY cosplay
 - Show Thomas a picture you took (with permission) of someone in RWBY cosplay at Nebkon 2025
 - Show Thomas a picture/autograph/video you've received from a guest who voiced a member of Team RWBY, such as Lindsay Jones, Kara Eberle, Arryn Zech, or Barbara Dunkelman
 - Show Thomas merch of Team RWBY that you've purchased (online photos don't count!)","Throughout the weekend, Thomas will be wearing either a magenta, floral suit jacket or a dark blue, velvet suit jacket.",RWBY,"Friday, 
Saturday Morning, 
Saturday Night, 
Sunday"
Valentine_and_Leo_-_Seduce_the_Chimera.jpg,Seduce the Chimera,Valentine and Leo,Connection,Roll a D20 :),Falin and Marcille,Dungeon Meshi,Sunday
TaroDoesCosplay_-_Selunes_Blessing.jpg,Sel√∫ne's Blessing,TaroDoesCosplay,Q&A,Accept the Moon Maiden as your goddess üôè,Find Isobel Thorm (bg3) on the con floor! (Saturday only),Baldur's Gate 3,Saturday
Winterra_Art_-_Servant_of_Evil.jpg,Servant of Evil,Winterra Art,Achievement,Free with purchases over $25 at Winterra Art‚Äôs Booth,Winterra Art‚Äôs Booth 41 (Corner) in Artist Alley,Vocaloid,"Friday, Saturday, Sunday"
srsbznss-Thomas_-_Set_Your_Heart_Ablaze.png,Set Your Heart Ablaze,srsbznss/Thomas,Action,"Politely approach Thomas and do at least one of the following:
 - Be in Kyojuro Rengoku cosplay
 - Show Thomas a picture you took (with permission) of someone in Kyojuro Rengoku cosplay at Nebkon 2025
 - Show Thomas a picture/autograph/video you've received from a guest that voiced Kyojuro Rengoku, another Hashira, Tanjiro Kamado, Zenitsu Agatsuma, Inosuke Hashibira, or Gonpachiro Kamaboko from Demon Slayer
 - Show Thomas Kyojuro Rengoku merch that you've purchased (online photos don't count!)","Throughout the weekend, Thomas will be wearing either a magenta, floral suit jacket or a dark blue, velvet suit jacket.",Demon Slayer,"Friday, 
Saturday Morning, 
Saturday Night, 
Sunday"
srsbznss-Thomas_-_Shinzou_wo_Sasageyo.png,Shinzou wo Sasageyo,srsbznss/Thomas,Action,"Politely approach Thomas and do at least one of the following:
 - Be in Attack on Titan cosplay
 - Show Thomas a picture you took (with permission) of someone in Attack on Titan cosplay at Nebkon 2025
 - Show Thomas a picture/autograph/video you've received from a guest that voiced a character in Attack on Titan
 - Show Thomas Attack on Titan merch that you've purchased (online photos don't count!)
 - Give Thomas your best Survey Corps. salute","Throughout the weekend, Thomas will be wearing either a magenta, floral suit jacket or a dark blue, velvet suit jacket.",Attack on Titan,"Friday, 
Saturday Morning, 
Saturday Night, 
Sunday"
Jason_Meyers_-_Side_Quest_Complete_.jpg,Side Quest Complete ,Jason Meyers,Achievement,Complete the Dungeons and Desserts side quest adventure Saturday Afternoon between 1pm-3pm,Dressed as a Honey Wizard,N/A,Saturday
srsbznss-Thomas_-_Sin_of_Pride.png,Sin of Pride,srsbznss/Thomas,Action,"Politely approach Thomas and do at least one of the following:
 - Be in Seven Deadly Sins cosplay
 - Show Thomas a picture you took (with permission) of someone in Seven Deadly Sins cosplay at Nebkon 2025
 - Show Thomas a picture/autograph/video you've received from a guest that voiced a character in the Seven Deadly Sins
 - Show Thomas Seven Deadly Sins merch that you've purchased (online photos don't count!)","Throughout the weekend, Thomas will be wearing either a magenta, floral suit jacket or a dark blue, velvet suit jacket.",Seven Deadly Sins,"Friday, 
Saturday Morning, 
Saturday Night, 
Sunday"
EB_-_Sketch_'em_all!.jpg,Sketch 'em all!,EB,Exclusive,Attend the Sketch 'Em All panel and snag one at the end!,Find the Team Rocket Grunt with Houndoom!,Pokemon,Sunday
Emily_K._-_Speedy_Sketcher.jpg,Speedy Sketcher,Emily K.,Exclusive,Attend the Speed Sketch Trades Panel on Saturday at 1 pm (Must show finished art at the end!),"Will be wearing a black D20 Ita Bag, brown hair and glasses",N/A,Saturday
Wes_-_Spiderman_Noir.png,Spiderman Noir,Wes,Action,Take a picture with me!,Spiderman Noir,SpiderVerse,Friday
Under_the_Mountain_Apothecary_-_Spilling_Tea.jpg,Spilling Tea,Under the Mountain Apothecary,Connection,Come visit our booth!,Vending at booth 87,N/A,"Friday, Saturday, Sunday"
srsbznss-Thomas_-_SSSN.png,SSSN,srsbznss/Thomas,Action,"Politely approach Thomas and do at least one of the following:
 - Be in RWBY cosplay
 - Show Thomas a picture you took (with permission) of someone in cosplaying a member of Team SSSN at Nebkon 2025
 - Show Thomas a picture/autograph/video you've received from a guest who voiced a member of Team SSSN, such as Michael Jones
 - Show Thomas merch of Team SSSN that you've purchased (online photos don't count!)","Throughout the weekend, Thomas will be wearing either a magenta, floral suit jacket or a dark blue, velvet suit jacket.",RWBY,"Friday, 
Saturday Morning, 
Saturday Night, 
Sunday"
Seth_-_Stackable_Boxes.jpg,Stackable Boxes,Seth,Action,Find certain objects and do something creative with them.,VIP,N/A,"Friday, Saturday, Sunday"
srsbznss-Thomas_-_Sternritter.png,Sternritter,srsbznss/Thomas,Action,"Politely approach Thomas and do at least one of the following:
 - Be in Bleach cosplay
 - Show Thomas a picture you took (with permission) of someone in Bleach cosplay at Nebkon 2025
 - Show Thomas a picture/autograph/video you've received from a guest that voiced a character in Bleach
 - Show Thomas Bleach merch that you've purchased (online photos don't count!)","Throughout the weekend, Thomas will be wearing either a magenta, floral suit jacket or a dark blue, velvet suit jacket.",Bleach,"Friday, 
Saturday Morning, 
Saturday Night, 
Sunday"
Winterra_Art_-_Take_That_Depression.jpg,Take That Depression,Winterra Art,Achievement,Buy 2 or more Hazbin or Helluva Boss Items from Winterra Art,Artist Alley - Booth 41 (Corner) Winterra Art,Hazbin Hotel,"Friday, Saturday, Sunday"
Queen_Bee_Artistry_-_Vendor_Booth_-_That's_How_I_Roll.jpg,That's How I Roll,Queen Bee Artistry - Vendor Booth,Achievement,You can either roll a Nat 20 at my booth on the first roll OR roll on the ground.,I will be at the Artist Alley Booth,Dungeons and Dragons,"Friday, Saturday, Sunday"
srsbznss-Thomas_-_The_Bad_Batch.png,The Bad Batch,srsbznss/Thomas,Action,"Politely approach Thomas and do at least one of the following:
 - Be in Star Wars cosplay
 - Show Thomas a picture you took (with permission) of someone in Star Wars cosplay at Nebkon 2025
 - Show Thomas a picture/autograph/video you've received from a guest that voiced a character in an animated Star Wars show or movie
 - Show Thomas Star Wars merch that you've purchased (online photos don't count!)
 - Tell Thomas who your favorite character of The Bad Batch series is and why","Throughout the weekend, Thomas will be wearing either a magenta, floral suit jacket or a dark blue, velvet suit jacket.",Star Wars,"Friday, 
Saturday Morning, 
Saturday Night, 
Sunday"
Winterra_Art_-_The_Collector.jpg,The Collector,Winterra Art,Achievement,Buy 3+ Items from Winterra Art,Artist Alley - Booth 41 (Corner) Winterra Art,Smiskis,"Friday, Saturday, Sunday"
Seth_-_The_Ficus.jpg,The Ficus,Seth,Achievement,Locate the missing item and bring it back.,VIP,Rooster Teeth,"Friday, Saturday, Sunday"
Ed_-_Promotions_-_The_Lamb_has_sacrificed_me.jpg,The Lamb has sacrificed me,Ed - Promotions,Achievement,Show me your cult,"Staff shirt, maybe a walkie, probably also a camera.",Cult of the Lamb,"Friday, Saturday, Sunday"
srsbznss-Thomas_-_The_Midnight.png,The Midnight,srsbznss/Thomas,Q&A,"Politely approach Thomas and do at least one of the following:
- Play part of one of your favorite songs by The Midnight
- Tell Thomas what Áâ©„ÅÆÂìÄ„Çå means in English terms","Throughout the weekend, Thomas will be wearing either a magenta, floral suit jacket or a dark blue, velvet suit jacket.",The Midnight,"Friday, 
Saturday Morning, 
Saturday Night, 
Sunday"
Queen_Bee_Artistry_-_Vendor_Booth_-_Tired_Feet.jpg,Tired Feet,Queen Bee Artistry - Vendor Booth,Exclusive,You must be wearing ABSOLUTELY uncomfortable Shoes,I'll be at the booth!,N/A,"Friday, Saturday, Sunday"
Sam_-_Top_Tier.png,Top Tier,Sam,Action,"1. Politely approach Sam while he's holding his tier list board
2. When it is your turn, place a new character on the board or swap two characters' positions based on the current day's theme
3. Take a picture pointing to the character(s) you just placed/swapped
4. Politely approach Thomas and show him the picture you took",Sam will be wearing a solid black t-shirt and carrying his signature tier list board.,N/A,"Friday, Saturday, Sunday"
Ashley_-_Traded!.jpg,Traded!,Ashley,Connection,"Give a ribbon, get 2 ribbions. One for you and one to trade",Wearing a tiara,N/A,"Friday, Saturday, Sunday"
Under_the_Mountain_Apothecary_-_Uncle_Iroh.jpg,Uncle Iroh,Under the Mountain Apothecary,Action,Spend $50 at Under the Mountain Apothecary,Vending at Booth 87,N/A,"Friday, Saturday, Sunday"
srsbznss-Thomas_-_Upper_Moon.png,Upper Moon,srsbznss/Thomas,Action,"Politely approach Thomas and do at least one of the following:
 - Be cosplaying a demon from Demon Slayer
 - Show Thomas a picture you took (with permission) of someone cosplaying a demon from Demon Slayer at Nebkon 2025
 - Show Thomas a picture/autograph/video you've received from a guest that voiced a demon in Demon Slayer, such as Jonah Scott
 - Show Thomas Demon Slayer demon merch that you've purchased (online photos don't count!)","Throughout the weekend, Thomas will be wearing either a magenta, floral suit jacket or a dark blue, velvet suit jacket.",Demon Slayer,"Friday, 
Saturday Morning, 
Saturday Night, 
Sunday"
srsbznss-Thomas_-_Valley_Life.png,Valley Life,srsbznss/Thomas,Action,"Politely approach Thomas and do at least one of the following:
 - Be in Stardew Valley cosplay
 - Show Thomas a picture you took (with permission) of someone in Stardew Valley cosplay at Nebkon 2025
 - Show Thomas a picture of your farm in Stardew Valley
 - Show Thomas a picture taken before/during a Festival of Seasons or Symphony of Seasons performance
 - Show Thomas Stardew Valley merch that you've purchased (online photos don't count!)
 - Tell Thomas who your favorite Stardew Valley NPC is and why","Throughout the weekend, Thomas will be wearing either a magenta, floral suit jacket or a dark blue, velvet suit jacket.",Stardew Valley,"Friday, 
Saturday Morning, 
Saturday Night, 
Sunday"
srsbznss-Thomas_-_Valor.png,Valor,srsbznss/Thomas,Exclusive,"In Pok√©mon Go, be a member of Team Valor and show Thomas your trainer profile","Throughout the weekend, Thomas will be wearing either a magenta, floral suit jacket or a dark blue, velvet suit jacket.",Pokemon,"Friday, 
Saturday Morning, 
Saturday Night, 
Sunday"
srsbznss-Thomas_-_Vampire_the_Masquerade.png,Vampire the Masquerade,srsbznss/Thomas,Q&A,"Politely approach Thomas, name a clan from Vampire the Masquerade that you like, and tell Thomas why you like the clan","Throughout the weekend, Thomas will be wearing either a magenta, floral suit jacket or a dark blue, velvet suit jacket.",Vampire the Masquerade,"Friday, 
Saturday Morning, 
Saturday Night, 
Sunday"
Andrew_Huggins_-_Vendor's_Hall_GACHA.png,Vendor's Hall GACHA - Common/Rare/SUPER RARE,Andrew Huggins,Achievement,"First Gacha ""pull"" is free for all attendees, consequtive pulls require a 1 dollar donation to the NJAS",Vendors Hall Staff Table,N/A,"Friday, Saturday, Sunday"
Kile_McCurdy_-_Visited_the_Photo_Booth.png,Visited the Photo Booth,Kile McCurdy,Action,Get your photo taken at the photo booth,Photo Booth,N/A,"Friday, Saturday, Sunday"
EB_-_WAAAH!.jpg,WAAAH!,EB,Achievement,"Give me your best ""WAAAH!""",Find Waluigi with a blue shell!,Mario/Nintendo,"Friday, Saturday"
Winterra_Art_-_Whale_Energy.jpg,Whale Energy,Winterra Art,Achievement,Spend $50+ at Winterra Art‚Äôs Booth,Artist Alley Booth 41 (Corner) Winterra Art,N/A,"Friday, Saturday, Sunday"
Atlas_-_What_matters_is_you_not_the_state_of_you.jpg,What matters is you not the state of you,Atlas,Connection,Either me seeing them in a heavens cosplay and giving one or just asking!,Xie lian or hornet cosplay,Heaven officials blessing,"Friday, Saturday, Sunday"
Wes_-_Why_did_you_let_Rin_die.png,Why did you let Rin die?,Wes,Action,Take a picture with me,Obito/Madara,Naruto,Saturday
Anonymous_-_You_Are_Safe_With_Me.jpg,You Are Safe With Me,Anonymous,Connection,"word of mouth. If you know, you know.",,N/A,"Friday, Saturday, Sunday"
Lupin_-_You_captured_lupin_the_third.jpg,You captured lupin the third,Lupin,Action,Capture lupin with the handcuffs,My red blazer and yellow tie,Lupin the third,"Friday, Sunday"


